-- ============================================================
-- Migration 017: Seed Data
-- EatFlow POS - Initial data from mock-data.ts
-- ============================================================
-- Inserts all mock data matching the frontend's initialXxx arrays.
-- Uses fixed UUIDs so frontend can reference them consistently.

-- ============================================================
-- ZONES (from initialZones in mock-data.ts)
-- ============================================================
INSERT INTO zones (id, name, color, sort_order) VALUES
    ('00000000-0000-0000-0000-000000zone01', 'Εσωτερικό', '#3b82f6', 1),
    ('00000000-0000-0000-0000-000000zone02', 'Βεράντα', '#22c55e', 2),
    ('00000000-0000-0000-0000-000000zone03', 'Μπαρ', '#f59e0b', 3);

-- ============================================================
-- CATEGORIES (from initialCategories)
-- ============================================================
INSERT INTO categories (id, name, sort_order) VALUES
    ('00000000-0000-0000-0000-0000000cat01', 'Ωμά', 1),
    ('00000000-0000-0000-0000-0000000cat02', 'Κρύα Ορεκτικά', 2),
    ('00000000-0000-0000-0000-0000000cat03', 'Ζεστά Ορεκτικά', 3),
    ('00000000-0000-0000-0000-0000000cat04', 'Ψητά Θαλασσινά', 4),
    ('00000000-0000-0000-0000-0000000cat05', 'Μαγειρευτά', 5),
    ('00000000-0000-0000-0000-0000000cat06', 'Ζυμαρικά', 6),
    ('00000000-0000-0000-0000-0000000cat07', 'Γλυκά', 7);

-- ============================================================
-- MODIFIERS (from initialModifiers)
-- ============================================================
INSERT INTO modifiers (id, name, price) VALUES
    ('00000000-0000-0000-0000-0000000mod01', 'Χωρίς κρεμμύδι', 0),
    ('00000000-0000-0000-0000-0000000mod02', 'Χωρίς σάλτσα', 0),
    ('00000000-0000-0000-0000-0000000mod03', 'Extra λεμόνι', 0),
    ('00000000-0000-0000-0000-0000000mod04', 'Extra ελαιόλαδο', 0),
    ('00000000-0000-0000-0000-0000000mod05', 'Well done', 0),
    ('00000000-0000-0000-0000-0000000mod06', 'Medium', 0),
    ('00000000-0000-0000-0000-0000000mod07', 'Χωρίς αλάτι', 0),
    ('00000000-0000-0000-0000-0000000mod08', 'Χωρίς γλουτένη', 0),
    ('00000000-0000-0000-0000-0000000mod09', 'Χωρίς λακτόζη', 0),
    ('00000000-0000-0000-0000-0000000mod10', 'Για μοίρασμα', 0),
    ('00000000-0000-0000-0000-0000000mod11', 'Extra σάλτσα', 1.50);

-- MODIFIER_CATEGORIES (from Modifier.categoryIds)
INSERT INTO modifier_categories (modifier_id, category_id) VALUES
    -- mod1: Χωρίς κρεμμύδι → cat2, cat3, cat5
    ('00000000-0000-0000-0000-0000000mod01', '00000000-0000-0000-0000-0000000cat02'),
    ('00000000-0000-0000-0000-0000000mod01', '00000000-0000-0000-0000-0000000cat03'),
    ('00000000-0000-0000-0000-0000000mod01', '00000000-0000-0000-0000-0000000cat05'),
    -- mod2: Χωρίς σάλτσα → cat3, cat4, cat5, cat6
    ('00000000-0000-0000-0000-0000000mod02', '00000000-0000-0000-0000-0000000cat03'),
    ('00000000-0000-0000-0000-0000000mod02', '00000000-0000-0000-0000-0000000cat04'),
    ('00000000-0000-0000-0000-0000000mod02', '00000000-0000-0000-0000-0000000cat05'),
    ('00000000-0000-0000-0000-0000000mod02', '00000000-0000-0000-0000-0000000cat06'),
    -- mod3: Extra λεμόνι → cat1, cat4
    ('00000000-0000-0000-0000-0000000mod03', '00000000-0000-0000-0000-0000000cat01'),
    ('00000000-0000-0000-0000-0000000mod03', '00000000-0000-0000-0000-0000000cat04'),
    -- mod4: Extra ελαιόλαδο → cat1, cat2, cat4
    ('00000000-0000-0000-0000-0000000mod04', '00000000-0000-0000-0000-0000000cat01'),
    ('00000000-0000-0000-0000-0000000mod04', '00000000-0000-0000-0000-0000000cat02'),
    ('00000000-0000-0000-0000-0000000mod04', '00000000-0000-0000-0000-0000000cat04'),
    -- mod5: Well done → cat4
    ('00000000-0000-0000-0000-0000000mod05', '00000000-0000-0000-0000-0000000cat04'),
    -- mod6: Medium → cat4
    ('00000000-0000-0000-0000-0000000mod06', '00000000-0000-0000-0000-0000000cat04'),
    -- mod7: Χωρίς αλάτι → cat1-cat6
    ('00000000-0000-0000-0000-0000000mod07', '00000000-0000-0000-0000-0000000cat01'),
    ('00000000-0000-0000-0000-0000000mod07', '00000000-0000-0000-0000-0000000cat02'),
    ('00000000-0000-0000-0000-0000000mod07', '00000000-0000-0000-0000-0000000cat03'),
    ('00000000-0000-0000-0000-0000000mod07', '00000000-0000-0000-0000-0000000cat04'),
    ('00000000-0000-0000-0000-0000000mod07', '00000000-0000-0000-0000-0000000cat05'),
    ('00000000-0000-0000-0000-0000000mod07', '00000000-0000-0000-0000-0000000cat06'),
    -- mod8: Χωρίς γλουτένη → cat3, cat5, cat6, cat7
    ('00000000-0000-0000-0000-0000000mod08', '00000000-0000-0000-0000-0000000cat03'),
    ('00000000-0000-0000-0000-0000000mod08', '00000000-0000-0000-0000-0000000cat05'),
    ('00000000-0000-0000-0000-0000000mod08', '00000000-0000-0000-0000-0000000cat06'),
    ('00000000-0000-0000-0000-0000000mod08', '00000000-0000-0000-0000-0000000cat07'),
    -- mod9: Χωρίς λακτόζη → cat2, cat3, cat5, cat7
    ('00000000-0000-0000-0000-0000000mod09', '00000000-0000-0000-0000-0000000cat02'),
    ('00000000-0000-0000-0000-0000000mod09', '00000000-0000-0000-0000-0000000cat03'),
    ('00000000-0000-0000-0000-0000000mod09', '00000000-0000-0000-0000-0000000cat05'),
    ('00000000-0000-0000-0000-0000000mod09', '00000000-0000-0000-0000-0000000cat07'),
    -- mod10: Για μοίρασμα → cat1, cat2, cat3, cat7
    ('00000000-0000-0000-0000-0000000mod10', '00000000-0000-0000-0000-0000000cat01'),
    ('00000000-0000-0000-0000-0000000mod10', '00000000-0000-0000-0000-0000000cat02'),
    ('00000000-0000-0000-0000-0000000mod10', '00000000-0000-0000-0000-0000000cat03'),
    ('00000000-0000-0000-0000-0000000mod10', '00000000-0000-0000-0000-0000000cat07'),
    -- mod11: Extra σάλτσα → cat6
    ('00000000-0000-0000-0000-0000000mod11', '00000000-0000-0000-0000-0000000cat06');

-- ============================================================
-- TABLES (from initialTables)
-- ============================================================
INSERT INTO tables (id, number, capacity, status, zone_id, x, y, shape, rotation) VALUES
    ('00000000-0000-0000-0000-000000tab001', 1, 2, 'available', '00000000-0000-0000-0000-000000zone01', 10, 15, 'round', 0),
    ('00000000-0000-0000-0000-000000tab002', 2, 2, 'available', '00000000-0000-0000-0000-000000zone01', 25, 15, 'round', 0),
    ('00000000-0000-0000-0000-000000tab003', 3, 4, 'available', '00000000-0000-0000-0000-000000zone01', 10, 45, 'square', 0),
    ('00000000-0000-0000-0000-000000tab004', 4, 4, 'available', '00000000-0000-0000-0000-000000zone01', 25, 45, 'square', 0),
    ('00000000-0000-0000-0000-000000tab005', 5, 4, 'available', '00000000-0000-0000-0000-000000zone01', 10, 75, 'square', 0),
    ('00000000-0000-0000-0000-000000tab006', 6, 6, 'available', '00000000-0000-0000-0000-000000zone01', 25, 75, 'rectangle', 0),
    ('00000000-0000-0000-0000-000000tab007', 7, 6, 'available', '00000000-0000-0000-0000-000000zone02', 55, 15, 'rectangle', 0),
    ('00000000-0000-0000-0000-000000tab008', 8, 2, 'available', '00000000-0000-0000-0000-000000zone02', 75, 15, 'round', 0),
    ('00000000-0000-0000-0000-000000tab009', 9, 4, 'available', '00000000-0000-0000-0000-000000zone02', 55, 50, 'square', 0),
    ('00000000-0000-0000-0000-000000tab010', 10, 4, 'available', '00000000-0000-0000-0000-000000zone02', 75, 50, 'square', 0),
    ('00000000-0000-0000-0000-000000tab011', 11, 6, 'available', '00000000-0000-0000-0000-000000zone03', 55, 82, 'rectangle', 0),
    ('00000000-0000-0000-0000-000000tab012', 12, 8, 'available', '00000000-0000-0000-0000-000000zone03', 75, 82, 'rectangle', 0);

-- ============================================================
-- PRODUCTS (from initialProducts)
-- ============================================================
INSERT INTO products (id, name, price, category_id, description, vat_rate, available, station) VALUES
    ('00000000-0000-0000-0000-000000prod01', 'Καρπάτσιο Λαβρακιού', 16, '00000000-0000-0000-0000-0000000cat01', 'Φρέσκο φιλέτο λαβρακιού με ελαιόλαδο και λεμόνι', 13, true, 'cold'),
    ('00000000-0000-0000-0000-000000prod02', 'Καρπάτσιο Μπαρμπουνιού', 18, '00000000-0000-0000-0000-0000000cat01', 'Φρέσκο μπαρμπούνι σε λεπτές φέτες', 13, true, 'cold'),
    ('00000000-0000-0000-0000-000000prod03', 'Ταρτάρ Γαρίδας', 18, '00000000-0000-0000-0000-0000000cat01', 'Ωμή γαρίδα με αρωματικά', 13, true, 'cold'),
    ('00000000-0000-0000-0000-000000prod04', 'Ταραμοσαλάτα Λευκή', 12, '00000000-0000-0000-0000-0000000cat02', 'Σπιτική λευκή ταραμοσαλάτα', 13, true, 'cold'),
    ('00000000-0000-0000-0000-000000prod05', 'Μελιτζανοσαλάτα', 8, '00000000-0000-0000-0000-0000000cat02', 'Καπνιστή μελιτζάνα με ελαιόλαδο', 13, true, 'cold'),
    ('00000000-0000-0000-0000-000000prod06', 'Καβουροσαλάτα', 16, '00000000-0000-0000-0000-0000000cat02', 'Φρέσκο καβούρι σε σαλάτα', 13, true, 'cold'),
    ('00000000-0000-0000-0000-000000prod07', 'Χτένια Ωμά', 22, '00000000-0000-0000-0000-0000000cat02', 'Φρέσκα χτένια με λεμόνι', 13, true, 'cold'),
    ('00000000-0000-0000-0000-000000prod08', 'Σαγανάκι Γαρίδες', 18, '00000000-0000-0000-0000-0000000cat03', 'Γαρίδες σαγανάκι με φέτα και ντομάτα', 13, true, 'hot'),
    ('00000000-0000-0000-0000-000000prod09', 'Αχνιστά Όστρακα', 16, '00000000-0000-0000-0000-0000000cat03', 'Όστρακα αχνιστά με κρασί', 13, true, 'hot'),
    ('00000000-0000-0000-0000-000000prod10', 'Καλαμαράκια Τηγανητά', 14, '00000000-0000-0000-0000-0000000cat03', 'Τραγανά καλαμαράκια με λεμόνι', 13, true, 'hot'),
    ('00000000-0000-0000-0000-000000prod11', 'Γαρίδες Τηγανητές', 18, '00000000-0000-0000-0000-0000000cat03', 'Τηγανητές γαρίδες με σάλτσα', 13, true, 'hot'),
    ('00000000-0000-0000-0000-000000prod12', 'Τσιπούρα', 75, '00000000-0000-0000-0000-0000000cat04', 'Φρέσκια τσιπούρα σχάρας (κιλό)', 13, true, 'hot'),
    ('00000000-0000-0000-0000-000000prod13', 'Μπαρμπούνι', 85, '00000000-0000-0000-0000-0000000cat04', 'Φρέσκο μπαρμπούνι σχάρας (κιλό)', 13, true, 'hot'),
    ('00000000-0000-0000-0000-000000prod14', 'Φαγκρί', 95, '00000000-0000-0000-0000-0000000cat04', 'Φρέσκο φαγκρί σχάρας (κιλό)', 13, true, 'hot'),
    ('00000000-0000-0000-0000-000000prod15', 'Συναγρίδα', 95, '00000000-0000-0000-0000-0000000cat04', 'Φρέσκια συναγρίδα σχάρας (κιλό)', 13, true, 'hot'),
    ('00000000-0000-0000-0000-000000prod16', 'Γαρίδες Θερμαϊκού', 95, '00000000-0000-0000-0000-0000000cat04', 'Φρέσκιες γαρίδες Θερμαϊκού σχάρας (κιλό)', 13, true, 'hot'),
    ('00000000-0000-0000-0000-000000prod17', 'Καλαμάρι', 55, '00000000-0000-0000-0000-0000000cat04', 'Φρέσκο καλαμάρι σχάρας (κιλό)', 13, true, 'hot'),
    ('00000000-0000-0000-0000-000000prod18', 'Χταπόδι', 48, '00000000-0000-0000-0000-0000000cat04', 'Χταπόδι σχάρας (κιλό)', 13, true, 'hot'),
    ('00000000-0000-0000-0000-000000prod19', 'Ψαρόσουπα', 90, '00000000-0000-0000-0000-0000000cat05', 'Παραδοσιακή ψαρόσουπα', 13, true, 'hot'),
    ('00000000-0000-0000-0000-000000prod20', 'Φρικασέ', 120, '00000000-0000-0000-0000-0000000cat05', 'Φρικασέ θαλασσινών', 13, true, 'hot'),
    ('00000000-0000-0000-0000-000000prod21', 'Κοκκινιστό', 120, '00000000-0000-0000-0000-0000000cat05', 'Θαλασσινά κοκκινιστά', 13, true, 'hot'),
    ('00000000-0000-0000-0000-000000prod22', 'Πλακί', 140, '00000000-0000-0000-0000-0000000cat05', 'Ψάρι πλακί στο φούρνο', 13, true, 'hot'),
    ('00000000-0000-0000-0000-000000prod23', 'Γαριδομακαρονάδα', 28, '00000000-0000-0000-0000-0000000cat06', 'Λιγκουίνι με γαρίδες και σάλτσα ντομάτας', 13, true, 'hot'),
    ('00000000-0000-0000-0000-000000prod24', 'Αστακομακαρονάδα', 45, '00000000-0000-0000-0000-0000000cat06', 'Λιγκουίνι με αστακό', 13, true, 'hot'),
    ('00000000-0000-0000-0000-000000prod25', 'Μπακλαβάς', 20, '00000000-0000-0000-0000-0000000cat07', 'Παραδοσιακός μπακλαβάς με φύλλο κρούστας', 13, true, 'dessert'),
    ('00000000-0000-0000-0000-000000prod26', 'Τιραμισού', 14, '00000000-0000-0000-0000-0000000cat07', 'Κλασικό ιταλικό τιραμισού', 13, true, 'dessert'),
    ('00000000-0000-0000-0000-000000prod27', 'Lemon Bar', 12, '00000000-0000-0000-0000-0000000cat07', 'Lemon bar με βουτυράτη βάση', 13, true, 'dessert'),
    ('00000000-0000-0000-0000-000000prod28', 'Cheesecake', 14, '00000000-0000-0000-0000-0000000cat07', 'New York cheesecake', 13, true, 'dessert');

-- ============================================================
-- SUPPLIERS (from initialSuppliers)
-- ============================================================
INSERT INTO suppliers (id, name, phone, categories) VALUES
    ('00000000-0000-0000-0000-000000sup001', 'Ιχθυοπωλείο Θερμαϊκός', '2310-555-001', '{seafood}'),
    ('00000000-0000-0000-0000-000000sup002', 'Λαχαναγορά Κεντρική', '2310-555-002', '{vegetables}'),
    ('00000000-0000-0000-0000-000000sup003', 'Γαλακτοκομικά Μακεδονίας', '2310-555-003', '{dairy}'),
    ('00000000-0000-0000-0000-000000sup004', 'Οινοποιείο Τσάνταλη', '2310-555-004', '{drinks}');

-- ============================================================
-- STAFF MEMBERS (from initialStaff)
-- ============================================================
INSERT INTO staff_members (id, name, role, pin, phone, email, is_active) VALUES
    ('00000000-0000-0000-0000-0000staff001', 'Αλέξανδρος Κ.', 'manager', '1234', '6971234567', 'alex@blacksea.gr', true),
    ('00000000-0000-0000-0000-0000staff002', 'Μαρίνα Π.', 'waiter', '5678', '6972345678', NULL, true),
    ('00000000-0000-0000-0000-0000staff003', 'Θοδωρής Μ.', 'waiter', '9012', '6973456789', NULL, true),
    ('00000000-0000-0000-0000-0000staff004', 'Ελισάβετ Δ.', 'barman', '3456', '6974567890', NULL, true),
    ('00000000-0000-0000-0000-0000staff005', 'Στέφανος Ν.', 'chef', '7890', '6975678901', NULL, true),
    ('00000000-0000-0000-0000-0000staff006', 'Κατερίνα Α.', 'waiter', '2345', '6976789012', NULL, false);

-- ============================================================
-- CHECKLIST ITEMS (from initialChecklist)
-- ============================================================
INSERT INTO checklist_items (id, type, label) VALUES
    ('00000000-0000-0000-0000-00000chk-o01', 'opening', 'Έλεγχος καθαριότητας χώρου'),
    ('00000000-0000-0000-0000-00000chk-o02', 'opening', 'Ενεργοποίηση POS συστήματος'),
    ('00000000-0000-0000-0000-00000chk-o03', 'opening', 'Έλεγχος αποθήκης / πρώτων υλών'),
    ('00000000-0000-0000-0000-00000chk-o04', 'opening', 'Προετοιμασία τραπεζιών'),
    ('00000000-0000-0000-0000-00000chk-o05', 'opening', 'Έλεγχος εξοπλισμού κουζίνας'),
    ('00000000-0000-0000-0000-00000chk-o06', 'opening', 'Ενημέρωση μενού (εξαντλημένα)'),
    ('00000000-0000-0000-0000-00000chk-c01', 'closing', 'Κλείσιμο ταμείου / μέτρηση'),
    ('00000000-0000-0000-0000-00000chk-c02', 'closing', 'Καθαρισμός κουζίνας'),
    ('00000000-0000-0000-0000-00000chk-c03', 'closing', 'Καθαρισμός τραπεζιών & αίθουσας'),
    ('00000000-0000-0000-0000-00000chk-c04', 'closing', 'Έλεγχος αποθήκης'),
    ('00000000-0000-0000-0000-00000chk-c05', 'closing', 'Κλείδωμα πορτών & παραθύρων'),
    ('00000000-0000-0000-0000-00000chk-c06', 'closing', 'Απενεργοποίηση εξοπλισμού');

-- ============================================================
-- LOYALTY SETTINGS (from initialLoyaltySettings)
-- ============================================================
INSERT INTO loyalty_settings (points_per_euro, points_for_reward, reward_value, stamps_for_free_item)
VALUES (1, 100, 5, 10);

-- ============================================================
-- AI SETTINGS (default)
-- ============================================================
INSERT INTO ai_settings (openai_key, enabled) VALUES ('', false);

-- ============================================================
-- BOOKING SETTINGS (default for i-host integration)
-- ============================================================
INSERT INTO booking_settings (
    min_party_size, max_party_size, default_duration_minutes,
    time_slot_interval_minutes, min_advance_hours, max_advance_days,
    operating_hours, website_booking_enabled, auto_confirm,
    send_sms_confirmation, send_email_confirmation,
    reminder_hours_before, no_show_threshold_minutes
) VALUES (
    1, 12, 90, 30, 2, 30,
    '{"monday": {"open": "12:00", "close": "23:30"}, "tuesday": {"open": "12:00", "close": "23:30"}, "wednesday": {"open": "12:00", "close": "23:30"}, "thursday": {"open": "12:00", "close": "23:30"}, "friday": {"open": "12:00", "close": "00:00"}, "saturday": {"open": "12:00", "close": "00:00"}, "sunday": {"open": "12:00", "close": "23:00"}}',
    true, false, true, true, 3, 15
);

-- ============================================================
-- DEFAULT MESSAGE TEMPLATES
-- ============================================================
INSERT INTO message_templates (name, type, channel, body, is_active) VALUES
    ('Επιβεβαίωση Κράτησης SMS', 'reservation_confirmation', 'sms',
     'Μαύρη Θάλασσα: Η κράτησή σας για {date} στις {time} ({guests} άτομα) επιβεβαιώθηκε. Τηλ: 2310-XXX-XXX', true),
    ('Υπενθύμιση Κράτησης SMS', 'reservation_reminder', 'sms',
     'Μαύρη Θάλασσα: Υπενθύμιση για την κράτησή σας σήμερα στις {time} ({guests} άτομα). Σας περιμένουμε!', true),
    ('Ακύρωση Κράτησης SMS', 'reservation_cancellation', 'sms',
     'Μαύρη Θάλασσα: Η κράτησή σας για {date} στις {time} ακυρώθηκε. Για νέα κράτηση: 2310-XXX-XXX', true),
    ('Τραπέζι Έτοιμο (Waitlist)', 'waitlist_ready', 'sms',
     'Μαύρη Θάλασσα: Το τραπέζι σας είναι έτοιμο! Παρακαλώ προσέλθετε στην υποδοχή.', true),
    ('Γενέθλια', 'birthday_greeting', 'sms',
     'Χρόνια πολλά {guest_name}! Η Μαύρη Θάλασσα σας εύχεται υγεία & χαρά. Σας περιμένουμε με μια έκπληξη!', true),
    ('Win-back', 'winback', 'sms',
     'Μας λείψατε {guest_name}! Η Μαύρη Θάλασσα σας περιμένει. Κλείστε τραπέζι: 2310-XXX-XXX', true);
